INSERT INTO `user` (`id`,`name`,`age`) VALUES (1,"Clare",14),(2,"Karl",15),(3,"Victoria",16);
INSERT INTO `user` (`id`,`name`,`age`) VALUES (4,"Valeria",17),(5,"Carol",18),(6,"Jef",19);
INSERT INTO `user` (`id`,`name`,`age`) VALUES (7,"Jack",20),(8,"Alan",21),(9,"Edward",35);
INSERT INTO `user` (`id`,`name`,`age`) VALUES (10,"Lili",37),(11,"Marshal",32),(12,"Po",74);
INSERT INTO `user` (`id`,`name`,`age`) VALUES (13,"Isaak",55),(14,"Julia",23),(15,"Paul",40);
INSERT INTO `user` (`id`,`name`,`age`) VALUES (16,"Clerk",36),(17,"Sara",36),(18,"Marina",26);
INSERT INTO `user` (`id`,`name`,`age`) VALUES (19,"Isabelle",22),(20,"Penelopa",24);

INSERT INTO `movie` (`id`,`title`,`genre`) VALUES (1,"The Dark Knight", "action"),(2,"Fight Club", "action"),(3,"Forrest Gump", "drama");
INSERT INTO `movie` (`id`,`title`,`genre`) VALUES (4,"The Lord of the Rings", "adventure"),(5,"The Matrix", "fantastic"),(6,"The Silence of the Lambs", "drama");
INSERT INTO `movie` (`id`,`title`,`genre`) VALUES (7,"Leon: The Professional", "thriller"),(8,"Interstellar", "fantastic"),(9,"The Green Mile", "thriller");
INSERT INTO `movie` (`id`,`title`,`genre`) VALUES (10,"Back to the Future", "fantastic"),(11,"The Lion King", "adventure"),(12,"Django Unchained", "action");
INSERT INTO `movie` (`id`,`title`,`genre`) VALUES (13,"Amelie", "comedy"),(14,"Requiem for a Dream", "drama"),(15,"Toy Story", "adventure");
INSERT INTO `movie` (`id`,`title`,`genre`) VALUES (16,"To Kill a Mockingbird", "drama"),(17,"Inside Out", "adventure"),(18,"Maze runner", "fantastic");
INSERT INTO `movie` (`id`,`title`,`genre`) VALUES (19,"V for Vendetta", "thriller"),(20,"Gone Girl", "drama");

INSERT INTO `rating` (`user_id`,`movie_id`,`rating`,`date`) VALUES (12,5,8,"1463896504"),(1,6,10,"1446786575"),(17,8,4,"1479547212");
INSERT INTO `rating` (`user_id`,`movie_id`,`rating`,`date`) VALUES (3,20,9,"1494731430"),(6,1,2,"1442108242"),(18,4,3,"1455909441");
INSERT INTO `rating` (`user_id`,`movie_id`,`rating`,`date`) VALUES (14,13,2,"1462509091"),(3,16,7,"1454908500"),(14,3,3,"1491352443");
INSERT INTO `rating` (`user_id`,`movie_id`,`rating`,`date`) VALUES (6,3,3,"1497466093"),(14,20,10,"1469383107"),(9,2,3,"1448600980");
INSERT INTO `rating` (`user_id`,`movie_id`,`rating`,`date`) VALUES (17,12,2,"1499377735"),(15,15,3,"1465108569"),(17,15,5,"1469928167");
INSERT INTO `rating` (`user_id`,`movie_id`,`rating`,`date`) VALUES (7,20,1,"1481443650"),(6,11,10,"1463563618"),(17,10,5,"1474805047");
INSERT INTO `rating` (`user_id`,`movie_id`,`rating`,`date`) VALUES (8,17,2,"1451629300"),(9,12,6,"1493808636"),(6,18,10,"1497626270");
INSERT INTO `rating` (`user_id`,`movie_id`,`rating`,`date`) VALUES (8,1,9,"1501625923"),(11,7,5,"1463949968"),(13,20,6,"1493670292");
INSERT INTO `rating` (`user_id`,`movie_id`,`rating`,`date`) VALUES (15,14,3,"1486236098"),(14,17,5,"1457269808"),(9,6,3,"1464106030");
INSERT INTO `rating` (`user_id`,`movie_id`,`rating`,`date`) VALUES (13,19,6,"1496626413"),(2,8,3,"1447984821"),(20,8,6,"1496589984");
INSERT INTO `rating` (`user_id`,`movie_id`,`rating`,`date`) VALUES (4,5,5,"1473823343"),(6,14,8,"1460460108"),(2,16,5,"1467315641");
INSERT INTO `rating` (`user_id`,`movie_id`,`rating`,`date`) VALUES (19,15,4,"1449060679"),(6,17,3,"1497782173"),(14,19,3,"1442743548");
INSERT INTO `rating` (`user_id`,`movie_id`,`rating`,`date`) VALUES (14,8,4,"1450924648"),(5,1,4,"1461911282"),(5,18,6,"1499883253");
INSERT INTO `rating` (`user_id`,`movie_id`,`rating`,`date`) VALUES (18,19,1,"1492555334"),(5,7,5,"1442373302"),(20,5,4,"1456891192");
INSERT INTO `rating` (`user_id`,`movie_id`,`rating`,`date`) VALUES (13,8,10,"1490805616"),(19,5,7,"1483443487"),(3,3,4,"1479321921");
INSERT INTO `rating` (`user_id`,`movie_id`,`rating`,`date`) VALUES (7,13,3,"1481487585"),(12,7,10,"1474788886"),(10,6,6,"1470628678");
INSERT INTO `rating` (`user_id`,`movie_id`,`rating`,`date`) VALUES (8,16,6,"1489055697"),(11,12,8,"1489074091"),(14,14,9,"1468316422");
INSERT INTO `rating` (`user_id`,`movie_id`,`rating`,`date`) VALUES (16,16,7,"1451921862"),(11,17,6,"1502924306"),(10,3,8,"1464273925");
INSERT INTO `rating` (`user_id`,`movie_id`,`rating`,`date`) VALUES (10,11,8,"1446806246"),(18,18,3,"1448534431"),(13,15,7,"1496607462");


